{
    "taskMessage": "Target=rabbit_doll#1,  Destination=trash_box_for_bottle_can",
    "environmentName": "Layout2019IC01",
    "graspingTargetName": "rabbit_doll#1",
    "destinationName": "trash_box_for_bottle_can",
    "graspablesPositions": [
        {
            "name": "sugar#1",
            "position": {
                "x": -4.950000286102295,
                "y": 0.4410000145435333,
                "z": -3.2899999618530275
            },
            "eulerAngles": {
                "x": 0.0,
                "y": 180.0,
                "z": 0.0
            }
        },
        {
            "name": "filled_ketchup#1",
            "position": {
                "x": -6.289999961853027,
                "y": 0.0010000020265579224,
                "z": 0.09000000357627869
            },
            "eulerAngles": {
                "x": 0.0,
                "y": 90.0,
                "z": 0.0
            }
        },
        {
            "name": "rabbit_doll#1",
            "position": {
                "x": -2.5399999618530275,
                "y": 0.0010000020265579224,
                "z": -2.119999885559082
            },
            "eulerAngles": {
                "x": 0.0,
                "y": 0.0,
                "z": 0.0
            }
        },
        {
            "name": "filled_plastic_bottle#1",
            "position": {
                "x": -3.0899999141693117,
                "y": 1.0410000085830689,
                "z": 1.3976999521255494
            },
            "eulerAngles": {
                "x": 0.0,
                "y": 180.0,
                "z": 0.0
            }
        },
        {
            "name": "spray_bottle#1",
            "position": {
                "x": -4.859100341796875,
                "y": 0.7259999513626099,
                "z": -1.2200000286102296
            },
            "eulerAngles": {
                "x": 0.0,
                "y": 180.0,
                "z": 0.0
            }
        },
        {
            "name": "canned_juice#1",
            "position": {
                "x": 1.0499999523162842,
                "y": 0.0010000020265579224,
                "z": 0.6000000238418579
            },
            "eulerAngles": {
                "x": 0.0,
                "y": 90.0,
                "z": 0.0
            }
        },
        {
            "name": "bear_doll#1",
            "position": {
                "x": -3.870000123977661,
                "y": 0.0010000020265579224,
                "z": -5.070000171661377
            },
            "eulerAngles": {
                "x": 0.0,
                "y": 90.0,
                "z": 0.0
            }
        },
        {
            "name": "soysauce#1",
            "position": {
                "x": -5.174000263214111,
                "y": 0.7259999513626099,
                "z": 0.699999988079071
            },
            "eulerAngles": {
                "x": 0.0,
                "y": 90.0,
                "z": 0.0
            }
        },
        {
            "name": "dog_doll#1",
            "position": {
                "x": -0.9599999785423279,
                "y": 0.4960000216960907,
                "z": 1.11899995803833
            },
            "eulerAngles": {
                "x": 0.0,
                "y": 180.0,
                "z": 0.0
            }
        },
        {
            "name": "hourglass#1",
            "position": {
                "x": 1.0,
                "y": 0.0010000020265579224,
                "z": -1.2000000476837159
            },
            "eulerAngles": {
                "x": 0.0,
                "y": 90.0,
                "z": 0.0
            }
        },
        {
            "name": "sauce#1",
            "position": {
                "x": 0.7800000309944153,
                "y": 0.0010000020265579224,
                "z": 1.5
            },
            "eulerAngles": {
                "x": 0.0,
                "y": 0.0,
                "z": 0.0
            }
        },
        {
            "name": "tumbler#1",
            "position": {
                "x": 1.0,
                "y": 0.0010000020265579224,
                "z": -3.869999885559082
            },
            "eulerAngles": {
                "x": 0.0,
                "y": 270.0,
                "z": 0.0
            }
        },
        {
            "name": "toy_penguin#1",
            "position": {
                "x": 0.8199999928474426,
                "y": 0.4960000216960907,
                "z": -2.2899999618530275
            },
            "eulerAngles": {
                "x": 0.0,
                "y": 270.0,
                "z": 0.0
            }
        }
    ],
    "destinationsPositions": [
        {
            "name": "trash_box_for_recycle",
            "position": {
                "x": -4.62000036239624,
                "y": 0.0,
                "z": -5.170000076293945
            },
            "eulerAngles": {
                "x": 0.0,
                "y": 90.0,
                "z": 0.0
            }
        },
        {
            "name": "trash_box_for_burnable",
            "position": {
                "x": -2.8299999237060549,
                "y": 0.0,
                "z": -5.170000076293945
            },
            "eulerAngles": {
                "x": 0.0,
                "y": 90.0,
                "z": 0.0
            }
        },
        {
            "name": "trash_box_for_bottle_can",
            "position": {
                "x": -0.9999999403953552,
                "y": 0.0,
                "z": -5.170000076293945
            },
            "eulerAngles": {
                "x": 0.0,
                "y": 90.0,
                "z": 0.0
            }
        },
        {
            "name": "square_low_table",
            "position": {
                "x": -5.397000312805176,
                "y": 0.0,
                "z": -3.128999948501587
            },
            "eulerAngles": {
                "x": 0.0,
                "y": 0.0,
                "z": 0.0
            }
        },
        {
            "name": "wagon#1",
            "position": {
                "x": -5.026000022888184,
                "y": 0.0,
                "z": -1.1169999837875367
            },
            "eulerAngles": {
                "x": 0.0,
                "y": 0.0,
                "z": 0.0
            }
        },
        {
            "name": "wagon#2",
            "position": {
                "x": -5.380000114440918,
                "y": 0.0,
                "z": 0.8140000104904175
            },
            "eulerAngles": {
                "x": 0.0,
                "y": 0.0,
                "z": 0.0
            }
        },
        {
            "name": "white_side_table#1",
            "position": {
                "x": 1.1100000143051148,
                "y": 0.0,
                "z": -2.2799999713897707
            },
            "eulerAngles": {
                "x": 0.0,
                "y": 90.0,
                "z": 0.0
            }
        },
        {
            "name": "white_side_table#2",
            "position": {
                "x": -0.7399999499320984,
                "y": 0.0,
                "z": 1.4160000085830689
            },
            "eulerAngles": {
                "x": 0.0,
                "y": 0.0,
                "z": 0.0
            }
        },
        {
            "name": "cardboard_box",
            "position": {
                "x": 1.0980000495910645,
                "y": 0.21799999475479127,
                "z": -0.3240000009536743
            },
            "eulerAngles": {
                "x": 0.0,
                "y": 10.000003814697266,
                "z": 0.0
            }
        },
        {
            "name": "wooden_shelf",
            "position": {
                "x": -3.0939998626708986,
                "y": 0.0,
                "z": 1.5299999713897706
            },
            "eulerAngles": {
                "x": 0.0,
                "y": 180.0,
                "z": 0.0
            }
        }
    ]
}
